recombinations,back mutations,recurrent mutations,run seed,recombination cost,recurrent mutation cost,back mutation cost
23,2,6,1237,0.5,1,1
22,7,6,1112508731,0.5,1,1
22,15,6,2039989159,0.5,1,1
20,5,9,55271339,0.5,1,1
15,6,9,821880749,0.5,1,1
22,4,5,1971547133,0.5,1,1
24,3,6,394787172,0.5,1,1
17,5,8,1329738140,0.5,1,1
30,12,6,1029052380,0.5,1,1
18,5,11,1905879209,0.5,1,1
18,5,11,1905879209,0.6,1,1
22,3,10,726972477,0.6,1,1
27,39,6,1281177023,0.6,1,1
21,15,7,565824108,0.6,1,1
21,3,8,871763485,0.6,1,1
22,10,4,1460324803,0.6,1,1
27,5,4,461946178,0.6,1,1
19,9,6,1862765041,0.6,1,1
19,4,8,1312616392,0.6,1,1
20,4,7,535943412,0.6,1,1
20,4,7,535943412,0.9,1,1
16,6,9,1491988026,0.9,1,1
17,7,10,1360965761,0.9,1,1
17,6,10,187524559,0.9,1,1
20,7,8,234984313,0.9,1,1
22,6,5,754498392,0.9,1,1
13,6,8,1081785081,0.9,1,1
18,5,10,279727711,0.9,1,1
21,5,10,1749110971,0.9,1,1
24,16,7,1935048737,0.9,1,1
5,9,16,1935048737,1,1,1
5,10,17,1604637487,1,1,1
5,8,16,2108355648,1,1,1
7,15,12,1531459593,1,1,1
6,7,15,1642237150,1,1,1
4,11,17,1134338036,1,1,1
4,9,17,768388631,1,1,1
3,12,17,112275270,1,1,1
3,11,17,894104939,1,1,1
4,11,15,1424683214,1,1,1
4,13,13,1424683214,1.1,1,1
4,10,15,777374768,1.1,1,1
1,15,15,1571373613,1.1,1,1
6,6,22,489141038,1.1,1,1
3,11,19,832178909,1.1,1,1
6,12,14,1770060182,1.1,1,1
2,9,21,164032044,1.1,1,1
8,7,17,423851197,1.1,1,1
5,8,15,91053108,1.1,1,1
5,8,19,49116495,1.1,1,1
3,8,22,49116495,1.5,1,1
3,15,14,1377812258,1.5,1,1
4,10,16,947290702,1.5,1,1
1,9,24,1560245377,1.5,1,1
4,12,17,552199734,1.5,1,1
1,14,17,1054778556,1.5,1,1
3,12,17,1916834990,1.5,1,1
1,12,17,770332378,1.5,1,1
1,11,20,144397267,1.5,1,1
4,7,20,1206172367,1.5,1,1
3,10,17,1206172367,1.9,1,1
2,20,13,2052473477,1.9,1,1
2,14,16,405961136,1.9,1,1
3,9,19,991505020,1.9,1,1
4,11,15,806519120,1.9,1,1
5,9,18,673964755,1.9,1,1
4,13,14,2026726006,1.9,1,1
1,14,18,455901147,1.9,1,1
2,16,15,1710168462,1.9,1,1
2,9,20,337313024,1.9,1,1
1,10,21,337313024,2,1,1
1,9,24,380858131,2,1,1
1,14,15,1452991259,2,1,1
1,9,26,850896879,2,1,1
2,9,20,1920119492,2,1,1
1,19,15,1012761680,2,1,1
1,10,23,1277853141,2,1,1
2,13,18,1146456491,2,1,1
2,18,16,620574678,2,1,1
1,10,22,1812474261,2,1,1
1,11,22,1812474261,3,1,1
1,12,19,247319230,3,1,1
1,12,18,406389871,3,1,1
1,10,23,944858571,3,1,1
1,12,21,142017098,3,1,1
1,13,16,1749724935,3,1,1
1,13,20,1835105556,3,1,1
1,16,17,556770850,3,1,1
1,10,19,2104944832,3,1,1
1,13,19,87252504,3,1,1
0,16,25,87252504,50,1,1
0,12,25,175072947,50,1,1
0,15,25,2100207417,50,1,1
0,15,22,275629106,50,1,1
0,24,19,590243800,50,1,1
0,8,31,497364429,50,1,1
0,16,23,658911916,50,1,1
0,9,28,1977971648,50,1,1
0,20,18,982330441,50,1,1
0,14,22,1795583854,50,1,1
21,0,10,1795583854,0.5,1,1.3
20,3,10,404748713,0.5,1,1.3
27,1,7,226846769,0.5,1,1.3
25,1,10,1652096410,0.5,1,1.3
26,2,6,1264206469,0.5,1,1.3
29,3,4,1444867946,0.5,1,1.3
26,0,7,1349902388,0.5,1,1.3
26,1,9,44728573,0.5,1,1.3
24,4,6,247898354,0.5,1,1.3
30,4,5,1452337849,0.5,1,1.3
30,4,5,1452337849,0.6,1,1.3
28,4,7,1169426853,0.6,1,1.3
24,1,10,824859654,0.6,1,1.3
27,10,8,2031322534,0.6,1,1.3
22,3,10,236576003,0.6,1,1.3
23,0,9,422189992,0.6,1,1.3
22,3,8,2078847409,0.6,1,1.3
23,4,8,570473272,0.6,1,1.3
20,1,10,652782301,0.6,1,1.3
23,7,12,1150174007,0.6,1,1.3
17,4,11,1150174007,0.9,1,1.3
18,3,12,2067601932,0.9,1,1.3
19,5,9,859280562,0.9,1,1.3
15,4,10,220231106,0.9,1,1.3
20,5,9,204082116,0.9,1,1.3
19,4,11,637097116,0.9,1,1.3
14,6,10,1390875356,0.9,1,1.3
23,4,8,885288883,0.9,1,1.3
22,9,7,1803782962,0.9,1,1.3
15,5,10,257760636,0.9,1,1.3
5,4,19,257760636,1,1,1.3
11,5,16,887015122,1,1,1.3
9,4,17,1371499258,1,1,1.3
15,6,17,1898915874,1,1,1.3
13,2,14,290617092,1,1,1.3
9,3,18,1261816255,1,1,1.3
7,5,18,834239488,1,1,1.3
11,2,20,628757264,1,1,1.3
10,4,19,2100782608,1,1,1.3
8,7,17,1612364960,1,1,1.3
8,7,17,1612364960,1.1,1,1.3
8,6,16,2088841621,1.1,1,1.3
14,1,20,1297864673,1.1,1,1.3
10,3,19,1900141172,1.1,1,1.3
8,4,18,2098502229,1.1,1,1.3
10,2,19,1210527927,1.1,1,1.3
11,4,17,277630427,1.1,1,1.3
11,4,14,360813972,1.1,1,1.3
6,5,17,703662832,1.1,1,1.3
10,2,20,765583515,1.1,1,1.3
2,10,20,765583515,1.5,1,1.3
2,11,16,1881909658,1.5,1,1.3
5,7,19,253414081,1.5,1,1.3
4,8,20,1254033331,1.5,1,1.3
3,7,20,516066994,1.5,1,1.3
5,10,16,1648182695,1.5,1,1.3
5,10,15,2023110150,1.5,1,1.3
5,8,18,873715252,1.5,1,1.3
4,7,19,889656698,1.5,1,1.3
4,11,15,990238832,1.5,1,1.3
4,11,15,990238832,1.9,1,1.3
3,9,20,1284729413,1.9,1,1.3
4,8,17,1695337115,1.9,1,1.3
1,10,20,1514948084,1.9,1,1.3
3,8,20,1422877321,1.9,1,1.3
2,12,20,2086474540,1.9,1,1.3
3,8,19,2102288455,1.9,1,1.3
2,6,24,722510901,1.9,1,1.3
2,12,19,2098025135,1.9,1,1.3
2,9,23,277198487,1.9,1,1.3
1,9,24,277198487,2,1,1.3
2,6,25,988413851,2,1,1.3
1,9,25,1263012023,2,1,1.3
2,10,20,1857289861,2,1,1.3
2,11,18,1029107698,2,1,1.3
1,14,16,2066661428,2,1,1.3
1,8,24,482192313,2,1,1.3
2,8,23,1841500738,2,1,1.3
3,8,20,1057465866,2,1,1.3
1,10,21,1510578189,2,1,1.3
1,10,21,1510578189,3,1,1.3
1,16,17,1407377011,3,1,1.3
1,8,23,398276148,3,1,1.3
1,8,24,1879820723,3,1,1.3
1,10,23,169263275,3,1,1.3
1,9,22,482841323,3,1,1.3
1,12,18,595178159,3,1,1.3
1,14,18,175802075,3,1,1.3
1,12,19,2144302050,3,1,1.3
1,10,21,921007873,3,1,1.3
0,10,27,921007873,50,1,1.3
0,10,27,85219549,50,1,1.3
0,8,29,2084878669,50,1,1.3
0,10,29,974626627,50,1,1.3
0,7,35,1540105633,50,1,1.3
0,12,27,1061459685,50,1,1.3
0,9,29,1458342939,50,1,1.3
0,20,20,1302015829,50,1,1.3
0,14,24,588905099,50,1,1.3
0,9,28,31996685,50,1,1.3
21,0,10,31996685,0.5,1,1.5
25,3,8,87834531,0.5,1,1.5
25,2,10,932674244,0.5,1,1.5
34,2,6,300008276,0.5,1,1.5
24,2,9,666324670,0.5,1,1.5
30,6,6,1526382076,0.5,1,1.5
23,2,10,655998060,0.5,1,1.5
24,2,8,877926496,0.5,1,1.5
26,2,7,1062256275,0.5,1,1.5
27,1,7,1217450275,0.5,1,1.5
27,1,7,1217450275,0.6,1,1.5
25,13,10,29277940,0.6,1,1.5
25,2,10,808362773,0.6,1,1.5
26,6,7,1860690419,0.6,1,1.5
25,8,10,2101489433,0.6,1,1.5
29,6,8,489632446,0.6,1,1.5
23,1,8,1606486714,0.6,1,1.5
24,1,9,1634771310,0.6,1,1.5
28,3,8,2099149,0.6,1,1.5
25,1,9,768820781,0.6,1,1.5
19,2,11,768820781,0.9,1,1.5
12,4,15,1798456165,0.9,1,1.5
19,3,10,1175847553,0.9,1,1.5
23,4,11,180908155,0.9,1,1.5
23,2,11,1175977496,0.9,1,1.5
21,6,9,1301112132,0.9,1,1.5
19,3,11,551992659,0.9,1,1.5
19,6,10,742865207,0.9,1,1.5
16,4,13,1622316705,0.9,1,1.5
20,3,12,550481846,0.9,1,1.5
8,2,23,550481846,1,1,1.5
12,3,18,727117489,1,1,1.5
14,25,14,437100669,1,1,1.5
13,3,17,1547167164,1,1,1.5
9,6,14,660450175,1,1,1.5
11,3,16,1782724324,1,1,1.5
11,2,14,1652224060,1,1,1.5
11,2,18,190238031,1,1,1.5
6,4,24,1914204806,1,1,1.5
10,2,21,1562429185,1,1,1.5
10,2,21,1562429185,1.1,1,1.5
13,4,15,1902221719,1.1,1,1.5
12,9,15,326091347,1.1,1,1.5
8,4,20,905148207,1.1,1,1.5
13,5,14,1854897496,1.1,1,1.5
6,4,18,1997703671,1.1,1,1.5
6,5,20,553309244,1.1,1,1.5
9,7,18,322428900,1.1,1,1.5
10,7,17,1047674197,1.1,1,1.5
9,5,17,1105841395,1.1,1,1.5
2,9,20,1105841395,1.5,1,1.5
4,6,22,1016760300,1.5,1,1.5
7,7,16,620032438,1.5,1,1.5
3,6,22,1096094917,1.5,1,1.5
5,7,20,494491990,1.5,1,1.5
6,6,17,993132305,1.5,1,1.5
6,5,19,1818028159,1.5,1,1.5
6,7,19,1428425505,1.5,1,1.5
3,9,20,1237886654,1.5,1,1.5
1,11,20,1829697592,1.5,1,1.5
1,11,20,1829697592,1.9,1,1.5
4,3,26,468393085,1.9,1,1.5
3,6,21,1959400733,1.9,1,1.5
3,7,21,348216405,1.9,1,1.5
4,7,20,1674276078,1.9,1,1.5
4,6,20,590394188,1.9,1,1.5
5,5,20,474520691,1.9,1,1.5
3,9,21,1697368710,1.9,1,1.5
5,4,20,880176391,1.9,1,1.5
2,7,21,1703138046,1.9,1,1.5
1,9,20,1703138046,2,1,1.5
1,8,23,2113607342,2,1,1.5
1,10,23,1197936151,2,1,1.5
2,9,21,1119847012,2,1,1.5
1,11,18,524370796,2,1,1.5
1,17,20,1023717268,2,1,1.5
2,7,24,790011897,2,1,1.5
2,5,26,923981894,2,1,1.5
2,5,26,511009529,2,1,1.5
2,5,26,1385844680,2,1,1.5
2,5,26,1385844680,3,1,1.5
1,13,23,2008488695,3,1,1.5
2,6,27,636515258,3,1,1.5
2,12,19,163763008,3,1,1.5
1,13,24,1061491331,3,1,1.5
1,11,20,278323143,3,1,1.5
1,8,25,428660336,3,1,1.5
1,9,24,1233837628,3,1,1.5
1,10,23,980735412,3,1,1.5
2,7,22,1416503217,3,1,1.5
0,6,37,1416503217,50,1,1.5
0,13,23,2140454038,50,1,1.5
0,11,24,2139245380,50,1,1.5
0,13,25,521264822,50,1,1.5
0,9,30,1567422776,50,1,1.5
0,16,24,1732165043,50,1,1.5
0,9,29,983531441,50,1,1.5
0,9,30,1930560961,50,1,1.5
0,7,33,899030975,50,1,1.5
0,12,28,883079546,50,1,1.5
25,3,11,883079546,0.5,1,2
24,7,12,66005912,0.5,1,2
25,8,7,743193983,0.5,1,2
27,3,11,843087261,0.5,1,2
28,2,11,956336143,0.5,1,2
28,0,8,1878018692,0.5,1,2
30,0,8,1448360395,0.5,1,2
27,6,10,1756232828,0.5,1,2
23,1,9,56702272,0.5,1,2
27,7,8,881005944,0.5,1,2
27,7,8,881005944,0.6,1,2
21,3,10,435474343,0.6,1,2
27,0,8,794002154,0.6,1,2
30,1,9,525749864,0.6,1,2
26,3,8,2091864918,0.6,1,2
23,3,9,1210728228,0.6,1,2
24,1,10,1606367859,0.6,1,2
31,1,7,1134617780,0.6,1,2
25,2,8,2086058350,0.6,1,2
21,2,9,169787330,0.6,1,2
19,1,12,169787330,0.9,1,2
25,0,15,2086719704,0.9,1,2
19,1,14,374512594,0.9,1,2
24,4,12,1866676126,0.9,1,2
26,1,10,414000563,0.9,1,2
23,3,10,1004057405,0.9,1,2
27,3,9,1402446287,0.9,1,2
24,7,15,888442741,0.9,1,2
28,3,11,687902130,0.9,1,2
25,4,9,1508432134,0.9,1,2
13,3,17,1508432134,1,1,2
13,1,18,1187564248,1,1,2
9,2,20,630863409,1,1,2
13,3,18,371948884,1,1,2
15,6,16,1979989527,1,1,2
11,3,18,1818672483,1,1,2
7,3,23,214058534,1,1,2
8,3,19,301646081,1,1,2
13,2,20,89198654,1,1,2
13,3,20,545513983,1,1,2
13,2,20,545513983,1.1,1,2
9,6,16,2066308424,1.1,1,2
11,0,24,359773985,1.1,1,2
10,2,18,114097319,1.1,1,2
12,2,20,1068716930,1.1,1,2
18,1,16,1177255160,1.1,1,2
9,2,20,441263612,1.1,1,2
11,3,19,1010695012,1.1,1,2
10,1,23,859461188,1.1,1,2
10,3,18,438460856,1.1,1,2
3,6,22,438460856,1.5,1,2
9,5,18,251963931,1.5,1,2
5,3,23,2001455685,1.5,1,2
5,4,22,1626682075,1.5,1,2
6,5,22,1942339628,1.5,1,2
4,4,25,1931834326,1.5,1,2
7,2,25,101494871,1.5,1,2
4,3,25,1456691956,1.5,1,2
7,3,22,13083543,1.5,1,2
6,4,23,942434113,1.5,1,2
6,4,23,942434113,1.9,1,2
6,3,27,1905979216,1.9,1,2
8,3,20,1313496217,1.9,1,2
7,4,23,1630203772,1.9,1,2
7,4,21,2112554764,1.9,1,2
9,2,22,669486503,1.9,1,2
5,5,22,1152601245,1.9,1,2
3,6,22,255352246,1.9,1,2
6,4,20,465410951,1.9,1,2
8,4,20,1479866566,1.9,1,2
3,7,24,1479866566,2,1,2
3,5,23,1839066856,2,1,2
2,4,30,717129442,2,1,2
1,10,22,143358799,2,1,2
3,4,25,602582006,2,1,2
2,6,24,923311517,2,1,2
3,4,26,963574959,2,1,2
4,12,15,900457212,2,1,2
3,6,26,557196934,2,1,2
3,4,25,2116704887,2,1,2
1,8,23,2116704887,3,1,2
1,9,25,309344424,3,1,2
2,9,23,931000934,3,1,2
1,7,28,1138503941,3,1,2
3,7,26,1329912123,3,1,2
1,8,28,210134185,3,1,2
3,6,25,43285533,3,1,2
2,7,26,1103565487,3,1,2
1,6,29,1281930648,3,1,2
1,10,21,916722318,3,1,2
0,10,32,916722318,50,1,2
0,10,33,1308431210,50,1,2
0,6,35,426670626,50,1,2
0,7,33,1341926214,50,1,2
0,11,28,1414688395,50,1,2
0,15,26,1583849664,50,1,2
0,8,29,807300998,50,1,2
0,11,37,1176818985,50,1,2
0,8,31,1652258116,50,1,2
0,9,33,714153488,50,1,2
30,8,7,714153488,0.5,1,3
22,1,12,1796661109,0.5,1,3
20,5,13,155408820,0.5,1,3
23,7,13,1013100705,0.5,1,3
29,9,7,1568923801,0.5,1,3
22,0,10,1646015089,0.5,1,3
25,2,10,1927347990,0.5,1,3
29,10,6,1456561650,0.5,1,3
26,0,10,2010718601,0.5,1,3
26,7,11,2106623645,0.5,1,3
25,7,13,2106623645,0.6,1,3
20,2,15,2144199355,0.6,1,3
27,1,8,2071351472,0.6,1,3
25,3,7,1855119578,0.6,1,3
21,0,15,2055130810,0.6,1,3
24,13,11,977699567,0.6,1,3
24,2,11,136472741,0.6,1,3
25,0,14,35196393,0.6,1,3
28,0,6,1636249291,0.6,1,3
21,5,12,1138129525,0.6,1,3
21,5,12,1138129525,0.9,1,3
20,0,15,1758626749,0.9,1,3
22,7,16,1690587910,0.9,1,3
25,0,11,1877213564,0.9,1,3
18,1,16,20691087,0.9,1,3
25,10,13,738052372,0.9,1,3
25,1,11,988676585,0.9,1,3
23,1,19,1995516337,0.9,1,3
24,6,10,358358773,0.9,1,3
25,6,9,1654386334,0.9,1,3
12,8,21,1654386334,1,1,3
13,1,21,1299406601,1,1,3
14,1,16,1143690051,1,1,3
10,2,21,130210376,1,1,3
15,0,17,230906593,1,1,3
12,7,22,1766588237,1,1,3
14,1,19,996214,1,1,3
9,1,23,1850450807,1,1,3
14,3,21,1851471887,1,1,3
13,9,23,1141065285,1,1,3
13,8,23,1141065285,1.1,1,3
11,2,20,1347302495,1.1,1,3
11,0,21,66579497,1.1,1,3
18,0,19,1687598445,1.1,1,3
10,2,23,1738219558,1.1,1,3
13,3,21,1447239758,1.1,1,3
14,3,15,1316116542,1.1,1,3
13,1,24,996994517,1.1,1,3
11,2,22,2129837027,1.1,1,3
11,0,25,1418065468,1.1,1,3
8,3,20,1418065468,1.5,1,3
4,2,27,1596452480,1.5,1,3
10,10,25,731194115,1.5,1,3
6,7,20,1053853457,1.5,1,3
5,4,21,700535272,1.5,1,3
6,1,28,1047709497,1.5,1,3
15,2,19,1960398150,1.5,1,3
8,3,23,1893500332,1.5,1,3
6,3,25,2054943196,1.5,1,3
8,3,24,1443211407,1.5,1,3
8,3,24,1443211407,1.9,1,3
8,4,20,324330604,1.9,1,3
7,2,22,1460908285,1.9,1,3
7,3,19,684440418,1.9,1,3
6,2,24,1748554944,1.9,1,3
9,2,19,803084705,1.9,1,3
11,2,23,2006530404,1.9,1,3
5,6,22,1910674586,1.9,1,3
12,2,20,1422839023,1.9,1,3
10,2,21,780337494,1.9,1,3
4,2,29,780337494,2,1,3
4,3,24,262163220,2,1,3
7,5,23,1335848704,2,1,3
4,1,30,995055671,2,1,3
3,3,31,1366796433,2,1,3
3,4,32,1254734177,2,1,3
6,3,25,272753527,2,1,3
3,4,31,994454346,2,1,3
6,1,30,1259564494,2,1,3
5,4,23,1844879417,2,1,3
3,5,26,1844879417,3,1,3
4,8,23,1462400074,3,1,3
3,2,33,2037936830,3,1,3
2,8,24,1594008112,3,1,3
4,4,24,1249684710,3,1,3
2,5,26,637789544,3,1,3
3,6,27,187593603,3,1,3
2,5,28,1489099859,3,1,3
4,4,33,877639373,3,1,3
3,6,25,231185972,3,1,3
0,12,32,231185972,50,1,3
0,8,39,1823737014,50,1,3
0,6,36,897485949,50,1,3
0,9,33,1313283520,50,1,3
0,8,30,977176033,50,1,3
0,9,28,2002777282,50,1,3
0,6,36,1882395607,50,1,3
0,3,48,2114402043,50,1,3
0,8,35,575807509,50,1,3
0,8,37,717830976,50,1,3
22,8,13,717830976,0.5,1,50
25,1,12,669840873,0.5,1,50
24,2,12,250163593,0.5,1,50
23,3,10,1931756790,0.5,1,50
27,9,10,1244332709,0.5,1,50
25,1,11,760788678,0.5,1,50
31,0,6,79747405,0.5,1,50
26,2,9,1689927596,0.5,1,50
21,0,12,2087010520,0.5,1,50
17,1,18,1645091296,0.5,1,50
17,1,18,1645091296,0.6,1,50
20,0,16,1479379096,0.6,1,50
29,4,7,2056194706,0.6,1,50
31,10,8,978939972,0.6,1,50
25,2,12,1564538524,0.6,1,50
32,1,15,207516632,0.6,1,50
29,1,10,294636488,0.6,1,50
21,2,11,1451276815,0.6,1,50
32,0,10,244031589,0.6,1,50
26,0,9,1349388891,0.6,1,50
26,0,9,1349388891,0.9,1,50
23,2,11,584159761,0.9,1,50
25,3,8,1646483044,0.9,1,50
23,0,10,828676157,0.9,1,50
25,7,11,189310844,0.9,1,50
26,0,8,1682773563,0.9,1,50
22,2,15,226184962,0.9,1,50
24,1,12,812539446,0.9,1,50
27,0,11,436853313,0.9,1,50
22,9,10,2070875631,0.9,1,50
14,8,18,2070875631,1,1,50
11,1,26,553956686,1,1,50
13,9,20,268235906,1,1,50
9,1,22,328309203,1,1,50
15,2,18,298031270,1,1,50
15,2,15,56274863,1,1,50
12,0,24,382426400,1,1,50
10,9,25,581986149,1,1,50
12,2,18,230596887,1,1,50
18,1,18,978617049,1,1,50
19,1,17,978617049,1.1,1,50
16,2,19,505577186,1.1,1,50
11,8,28,1615864341,1.1,1,50
15,1,18,1623918994,1.1,1,50
11,0,23,849807546,1.1,1,50
14,8,19,1072220146,1.1,1,50
11,0,25,630270484,1.1,1,50
10,2,26,474151084,1.1,1,50
14,7,24,1854068615,1.1,1,50
13,7,22,1220537804,1.1,1,50
11,7,26,1220537804,1.5,1,50
11,2,18,269440914,1.5,1,50
15,0,21,78498576,1.5,1,50
14,5,20,1199199125,1.5,1,50
11,0,27,1921064899,1.5,1,50
12,0,23,742324015,1.5,1,50
10,1,25,1654030313,1.5,1,50
11,0,27,1006919317,1.5,1,50
16,0,22,1291244739,1.5,1,50
8,0,29,1681936856,1.5,1,50
8,0,29,1681936856,1.9,1,50
13,0,22,1698448507,1.9,1,50
13,2,23,1396237888,1.9,1,50
18,2,19,706056274,1.9,1,50
13,4,19,680532574,1.9,1,50
15,0,20,1419801990,1.9,1,50
10,1,26,1504660844,1.9,1,50
12,0,25,1681880288,1.9,1,50
11,5,26,956846941,1.9,1,50
18,1,17,1543053263,1.9,1,50
13,1,23,1543053263,2,1,50
7,0,28,1664470226,2,1,50
7,4,28,438190648,2,1,50
4,0,34,1413615708,2,1,50
8,0,28,1176032946,2,1,50
11,1,26,523360488,2,1,50
6,0,35,2063032285,2,1,50
8,0,27,2005239657,2,1,50
8,0,28,1644391776,2,1,50
5,0,41,1177466570,2,1,50
4,0,44,1177466570,3,1,50
9,0,30,44449192,3,1,50
5,0,34,107356894,3,1,50
5,0,36,854621094,3,1,50
10,0,32,296838874,3,1,50
9,0,27,46850973,3,1,50
5,0,34,909488731,3,1,50
5,0,40,199088576,3,1,50
5,0,40,1859925385,3,1,50
12,8,25,1704658860,3,1,50
0,0,93,1704658860,50,1,50
0,0,76,1448897060,50,1,50
0,0,83,870000362,50,1,50
0,0,87,1563039873,50,1,50
0,0,79,496533545,50,1,50
0,0,78,1189578081,50,1,50
0,0,82,267532208,50,1,50
0,0,88,1912740944,50,1,50
0,0,68,1800266993,50,1,50
0,0,83,553504795,50,1,50
22,14,18,1323,0.5,1,1
26,11,16,403426806,0.5,1,1
23,10,20,2077652901,0.5,1,1
28,8,15,545205661,0.5,1,1
26,14,13,1004015403,0.5,1,1
26,39,20,271882909,0.5,1,1
26,6,19,472579187,0.5,1,1
22,9,17,1774602053,0.5,1,1
23,36,12,501660825,0.5,1,1
26,9,17,1567914410,0.5,1,1
21,11,18,1567914410,0.6,1,1
19,9,21,1192427792,0.6,1,1
24,9,20,1446634181,0.6,1,1
21,11,19,9699599,0.6,1,1
24,9,10,1123335725,0.6,1,1
20,31,15,1919475623,0.6,1,1
29,15,12,797869387,0.6,1,1
24,11,14,815233821,0.6,1,1
25,8,16,1483731394,0.6,1,1
25,41,15,1706839091,0.6,1,1
24,40,17,1706839091,0.9,1,1
26,10,13,753735319,0.9,1,1
21,9,16,1920843427,0.9,1,1
25,8,23,349861427,0.9,1,1
17,9,19,298194264,0.9,1,1
27,10,13,1671502206,0.9,1,1
21,32,24,1597948673,0.9,1,1
26,4,17,1031784851,0.9,1,1
20,8,20,131200647,0.9,1,1
25,11,17,166877447,0.9,1,1
8,10,13,166877447,1,1,1
9,9,22,216256689,1,1,1
9,6,20,1794883877,1,1,1
9,11,18,1448702768,1,1,1
8,13,19,2060217775,1,1,1
10,7,17,773982101,1,1,1
6,9,17,2033566487,1,1,1
12,12,21,78415986,1,1,1
10,13,17,2062124428,1,1,1
13,16,10,310238337,1,1,1
13,14,12,310238337,1.1,1,1
9,11,13,1032801068,1.1,1,1
13,8,21,1736173619,1.1,1,1
7,14,17,990142841,1.1,1,1
8,11,18,646988671,1.1,1,1
7,15,16,558104039,1.1,1,1
9,7,18,373344810,1.1,1,1
13,8,13,1590425968,1.1,1,1
13,15,13,732774678,1.1,1,1
5,11,18,1696562762,1.1,1,1
5,10,23,1696562762,1.5,1,1
5,15,17,1768729052,1.5,1,1
7,12,13,775311511,1.5,1,1
8,11,22,571539991,1.5,1,1
10,14,10,1324935999,1.5,1,1
4,10,26,1766973332,1.5,1,1
8,15,11,1392139361,1.5,1,1
5,11,19,652020093,1.5,1,1
7,10,17,475603928,1.5,1,1
8,8,19,1767440618,1.5,1,1
8,10,20,1767440618,1.9,1,1
6,7,19,1389644299,1.9,1,1
8,8,20,540083335,1.9,1,1
6,10,19,1030924753,1.9,1,1
8,12,14,168174080,1.9,1,1
11,13,15,1094069810,1.9,1,1
4,10,24,1072187813,1.9,1,1
5,10,21,8449257,1.9,1,1
3,14,20,896810151,1.9,1,1
8,8,18,142022790,1.9,1,1
3,14,18,142022790,2,1,1
0,13,25,714615936,2,1,1
1,14,21,1930728688,2,1,1
3,12,17,1220805290,2,1,1
3,15,16,1574464512,2,1,1
1,13,20,1659537812,2,1,1
3,9,21,1328500457,2,1,1
3,11,19,1429278516,2,1,1
2,15,13,977942473,2,1,1
3,8,24,895121888,2,1,1
2,10,21,895121888,3,1,1
1,9,24,1339123459,3,1,1
2,15,15,1771395479,3,1,1
0,17,20,428974024,3,1,1
2,9,22,552916203,3,1,1
0,15,23,472121479,3,1,1
1,14,18,1712697660,3,1,1
1,11,22,13905265,3,1,1
2,8,25,641976291,3,1,1
0,15,23,53389603,3,1,1
0,18,20,53389603,50,1,1
0,15,25,1925022344,50,1,1
0,16,20,150817826,50,1,1
0,8,31,51745834,50,1,1
0,15,25,785787059,50,1,1
0,13,25,866998774,50,1,1
0,11,26,1671696731,50,1,1
0,15,21,459302418,50,1,1
0,18,25,1373528805,50,1,1
0,18,21,1769382669,50,1,1
21,8,16,1769382669,0.5,1,1.3
24,8,19,1571731463,0.5,1,1.3
23,8,18,808567457,0.5,1,1.3
24,21,16,187157180,0.5,1,1.3
24,27,13,949336259,0.5,1,1.3
29,14,17,1121725370,0.5,1,1.3
23,10,17,304908316,0.5,1,1.3
24,33,14,665869103,0.5,1,1.3
26,11,23,1615773484,0.5,1,1.3
23,14,20,306830813,0.5,1,1.3
23,12,22,306830813,0.6,1,1.3
25,18,19,1561480436,0.6,1,1.3
23,10,10,262439499,0.6,1,1.3
29,8,23,983357651,0.6,1,1.3
20,23,16,1133196654,0.6,1,1.3
27,4,17,1847319492,0.6,1,1.3
24,6,21,1256399944,0.6,1,1.3
22,19,21,1672591860,0.6,1,1.3
29,5,14,1871729935,0.6,1,1.3
27,5,13,705852991,0.6,1,1.3
23,14,14,705852991,0.9,1,1.3
16,6,20,1714839962,0.9,1,1.3
25,17,16,1587396433,0.9,1,1.3
26,7,14,563654133,0.9,1,1.3
22,9,18,1855357897,0.9,1,1.3
22,6,19,1604964256,0.9,1,1.3
22,17,23,322689223,0.9,1,1.3
18,10,15,1108288740,0.9,1,1.3
24,8,17,1147968648,0.9,1,1.3
18,7,19,841630550,0.9,1,1.3
10,13,14,841630550,1,1,1.3
8,14,13,1938226908,1,1,1.3
12,11,10,1713367984,1,1,1.3
11,8,17,572659206,1,1,1.3
13,14,9,454913141,1,1,1.3
8,9,15,653388814,1,1,1.3
11,12,13,682177301,1,1,1.3
8,13,15,1701943139,1,1,1.3
7,11,13,1557626825,1,1,1.3
10,6,21,1024836647,1,1,1.3
10,6,21,1024836647,1.1,1,1.3
16,13,12,315738104,1.1,1,1.3
7,8,19,1080816780,1.1,1,1.3
13,10,16,1584345990,1.1,1,1.3
9,8,17,485786188,1.1,1,1.3
8,13,13,798179567,1.1,1,1.3
12,7,17,2039918057,1.1,1,1.3
10,14,18,1036914513,1.1,1,1.3
9,10,15,1045974667,1.1,1,1.3
12,12,13,1735439253,1.1,1,1.3
4,14,15,1735439253,1.5,1,1.3
4,8,25,1583943425,1.5,1,1.3
7,13,17,803997016,1.5,1,1.3
7,11,12,438475829,1.5,1,1.3
5,8,20,727285757,1.5,1,1.3
8,9,17,768017442,1.5,1,1.3
5,8,22,877355979,1.5,1,1.3
5,9,18,1340692362,1.5,1,1.3
5,13,21,1566067116,1.5,1,1.3
8,11,14,1734403487,1.5,1,1.3
7,11,15,1734403487,1.9,1,1.3
4,12,16,1974718153,1.9,1,1.3
6,12,16,1906948359,1.9,1,1.3
5,11,19,757459129,1.9,1,1.3
8,8,24,1664155501,1.9,1,1.3
8,12,14,1903420701,1.9,1,1.3
4,10,20,69713540,1.9,1,1.3
7,8,17,66173062,1.9,1,1.3
5,10,17,1702241193,1.9,1,1.3
8,8,17,1831131077,1.9,1,1.3
3,10,20,1831131077,2,1,1.3
5,12,15,1709883085,2,1,1.3
2,10,17,1441094629,2,1,1.3
1,14,20,3854617,2,1,1.3
1,13,24,381933108,2,1,1.3
1,12,23,708665897,2,1,1.3
2,13,17,489675162,2,1,1.3
2,17,16,295983218,2,1,1.3
1,13,21,615379707,2,1,1.3
4,16,18,1834339437,2,1,1.3
1,12,21,1834339437,3,1,1.3
1,14,16,1090308160,3,1,1.3
1,14,18,1939793924,3,1,1.3
2,14,19,1210196326,3,1,1.3
1,12,20,302553895,3,1,1.3
2,18,17,1064999113,3,1,1.3
0,17,17,1138272820,3,1,1.3
1,19,16,1262634214,3,1,1.3
1,18,17,1470496656,3,1,1.3
0,9,30,424297654,3,1,1.3
0,7,33,424297654,50,1,1.3
0,11,26,252596154,50,1,1.3
0,11,28,1952059091,50,1,1.3
0,18,17,235126218,50,1,1.3
0,17,20,282649641,50,1,1.3
0,14,23,203001168,50,1,1.3
0,11,24,446928610,50,1,1.3
0,15,21,385631711,50,1,1.3
0,15,21,605542987,50,1,1.3
0,14,25,942171028,50,1,1.3
23,5,22,942171028,0.5,1,1.5
24,11,14,496702741,0.5,1,1.5
20,11,18,1559994120,0.5,1,1.5
26,8,13,553495358,0.5,1,1.5
27,10,15,1736914220,0.5,1,1.5
20,11,12,1601252046,0.5,1,1.5
19,12,19,1073117974,0.5,1,1.5
30,3,12,1838232242,0.5,1,1.5
23,29,24,339264396,0.5,1,1.5
23,3,20,1593746133,0.5,1,1.5
24,3,26,1593746133,0.6,1,1.5
26,8,16,859405347,0.6,1,1.5
22,12,21,1019070326,0.6,1,1.5
26,5,18,1316467073,0.6,1,1.5
25,15,14,9833548,0.6,1,1.5
19,10,18,1775359285,0.6,1,1.5
26,11,21,2001149359,0.6,1,1.5
26,4,16,38424455,0.6,1,1.5
22,12,16,31757798,0.6,1,1.5
29,8,14,476799230,0.6,1,1.5
26,7,19,476799230,0.9,1,1.5
23,12,21,539865028,0.9,1,1.5
25,9,26,537138722,0.9,1,1.5
19,6,23,597983168,0.9,1,1.5
21,8,18,1460851911,0.9,1,1.5
20,6,17,1589478162,0.9,1,1.5
25,8,23,831678670,0.9,1,1.5
24,2,23,1068806051,0.9,1,1.5
20,6,34,976454848,0.9,1,1.5
19,7,21,1366499722,0.9,1,1.5
13,6,19,1366499722,1,1,1.5
10,13,15,71099914,1,1,1.5
9,7,20,825113837,1,1,1.5
14,7,18,1626954260,1,1,1.5
10,5,20,536234587,1,1,1.5
10,9,27,1625425974,1,1,1.5
11,5,28,1031009996,1,1,1.5
10,9,24,1477718603,1,1,1.5
14,8,15,1519529450,1,1,1.5
10,10,16,363814572,1,1,1.5
15,8,14,363814572,1.1,1,1.5
10,10,16,201209865,1.1,1,1.5
13,7,17,220295119,1.1,1,1.5
8,11,17,1063559158,1.1,1,1.5
18,20,10,704392837,1.1,1,1.5
13,12,13,1943889468,1.1,1,1.5
16,11,13,364355515,1.1,1,1.5
11,10,14,1598267282,1.1,1,1.5
11,5,21,453871659,1.1,1,1.5
16,8,18,1078560345,1.1,1,1.5
10,12,18,1078560345,1.5,1,1.5
11,10,16,979813978,1.5,1,1.5
14,11,20,1619697983,1.5,1,1.5
8,6,22,377191645,1.5,1,1.5
8,7,25,1761460220,1.5,1,1.5
6,7,20,30969081,1.5,1,1.5
7,7,20,1501732356,1.5,1,1.5
8,7,21,366322056,1.5,1,1.5
7,11,17,721541809,1.5,1,1.5
3,12,15,1559350169,1.5,1,1.5
3,8,20,1559350169,1.9,1,1.5
7,8,19,1214470356,1.9,1,1.5
4,14,14,639085198,1.9,1,1.5
11,8,16,2120619512,1.9,1,1.5
6,14,18,986889509,1.9,1,1.5
10,9,17,851917489,1.9,1,1.5
7,4,28,939785208,1.9,1,1.5
8,15,12,563688839,1.9,1,1.5
9,8,19,1564607918,1.9,1,1.5
9,4,23,1022966174,1.9,1,1.5
6,6,23,1022966174,2,1,1.5
2,6,23,1819597144,2,1,1.5
2,10,22,347229851,2,1,1.5
5,6,20,1031042172,2,1,1.5
5,6,21,921923332,2,1,1.5
1,14,20,928229196,2,1,1.5
2,10,23,931738013,2,1,1.5
1,16,20,923986379,2,1,1.5
4,13,27,1761765691,2,1,1.5
2,14,20,1402334894,2,1,1.5
1,16,16,1402334894,3,1,1.5
2,10,19,141260669,3,1,1.5
1,9,29,446402097,3,1,1.5
3,9,20,1518844626,3,1,1.5
1,13,21,798497335,3,1,1.5
1,10,21,1828861839,3,1,1.5
1,11,22,916777128,3,1,1.5
1,12,18,1762308417,3,1,1.5
1,10,22,908299737,3,1,1.5
2,12,20,306697767,3,1,1.5
0,15,28,306697767,50,1,1.5
0,8,31,980289428,50,1,1.5
0,9,29,576235054,50,1,1.5
0,15,22,444662023,50,1,1.5
0,12,28,1681602897,50,1,1.5
0,8,31,40162833,50,1,1.5
0,9,30,18964694,50,1,1.5
0,14,27,1191550426,50,1,1.5
0,10,30,878204337,50,1,1.5
0,16,23,1414941235,50,1,1.5
25,4,30,1414941235,0.5,1,2
17,10,14,2089611401,0.5,1,2
26,3,23,2017036481,0.5,1,2
21,12,23,622198528,0.5,1,2
23,3,34,257229126,0.5,1,2
22,2,31,895781497,0.5,1,2
28,6,29,724434980,0.5,1,2
24,3,28,237772017,0.5,1,2
20,8,30,965122139,0.5,1,2
26,2,29,89859655,0.5,1,2
27,0,25,89859655,0.6,1,2
19,3,27,2137558050,0.6,1,2
23,12,22,892604641,0.6,1,2
27,7,13,685560557,0.6,1,2
23,10,20,751245986,0.6,1,2
26,8,17,1242820482,0.6,1,2
30,17,16,1915956195,0.6,1,2
26,6,17,1821114470,0.6,1,2
22,6,32,274568413,0.6,1,2
24,31,20,2072140929,0.6,1,2
25,23,18,2072140929,0.9,1,2
18,7,29,1620708104,0.9,1,2
21,17,22,1204337179,0.9,1,2
24,11,14,564218679,0.9,1,2
23,8,19,642427942,0.9,1,2
22,6,27,2037365700,0.9,1,2
20,1,26,1008648800,0.9,1,2
24,6,15,830423100,0.9,1,2
20,3,22,1897139109,0.9,1,2
23,7,19,655007874,0.9,1,2
11,2,27,655007874,1,1,2
17,5,14,1264919199,1,1,2
9,5,27,652154408,1,1,2
13,4,26,1356102948,1,1,2
22,22,21,860750189,1,1,2
15,7,22,917375405,1,1,2
18,6,14,1480626637,1,1,2
13,8,27,381642853,1,1,2
18,8,21,281156483,1,1,2
16,7,22,823013535,1,1,2
16,9,20,823013535,1.1,1,2
14,2,34,1100633787,1.1,1,2
9,14,25,1329193279,1.1,1,2
15,6,17,1621969785,1.1,1,2
14,3,20,705534858,1.1,1,2
10,7,19,665375238,1.1,1,2
12,7,20,399027846,1.1,1,2
15,12,19,265021978,1.1,1,2
14,5,19,710888532,1.1,1,2
18,6,18,507136906,1.1,1,2
13,10,15,507136906,1.5,1,2
5,6,25,1838862973,1.5,1,2
12,5,18,355952047,1.5,1,2
9,4,24,1896017715,1.5,1,2
9,11,20,1936757601,1.5,1,2
8,13,21,1474151083,1.5,1,2
9,4,23,884561766,1.5,1,2
10,2,25,785427029,1.5,1,2
8,3,28,1991344706,1.5,1,2
6,5,30,1561752316,1.5,1,2
8,3,31,1561752316,1.9,1,2
15,13,21,97594006,1.9,1,2
10,6,16,1142672162,1.9,1,2
13,14,17,1823398414,1.9,1,2
11,5,23,73749427,1.9,1,2
4,11,19,1748976082,1.9,1,2
8,3,25,743169813,1.9,1,2
13,5,26,212343649,1.9,1,2
11,4,24,1707788836,1.9,1,2
10,12,16,973400733,1.9,1,2
6,16,20,973400733,2,1,2
2,6,29,651004726,2,1,2
4,10,25,2100266526,2,1,2
5,4,24,667193897,2,1,2
1,6,38,956962854,2,1,2
5,10,24,1779137979,2,1,2
6,5,22,988900617,2,1,2
3,8,25,1756430815,2,1,2
3,7,23,1536869588,2,1,2
2,3,34,1590280445,2,1,2
1,10,23,1590280445,3,1,2
3,4,27,671115172,3,1,2
1,10,22,1889788451,3,1,2
2,4,38,417340948,3,1,2
1,8,25,269639933,3,1,2
3,7,23,1639617380,3,1,2
2,10,25,212954883,3,1,2
3,8,23,1593466651,3,1,2
3,5,24,1876242513,3,1,2
1,5,30,477003532,3,1,2
0,7,31,477003532,50,1,2
0,8,30,118198512,50,1,2
0,8,33,616049906,50,1,2
0,8,30,402276161,50,1,2
0,11,24,249203437,50,1,2
0,9,29,329434890,50,1,2
0,5,37,851274725,50,1,2
0,8,30,628451862,50,1,2
0,8,31,385238888,50,1,2
0,5,41,1255103425,50,1,2
23,3,31,1255103425,0.5,1,3
21,10,31,1253194376,0.5,1,3
23,29,14,596751668,0.5,1,3
19,13,28,897778078,0.5,1,3
29,3,33,422841966,0.5,1,3
24,6,22,2013913157,0.5,1,3
23,6,27,1436368050,0.5,1,3
23,2,21,1042221843,0.5,1,3
20,7,25,1247768159,0.5,1,3
25,8,33,708005365,0.5,1,3
30,7,31,708005365,0.6,1,3
26,13,26,199604259,0.6,1,3
25,3,29,126899895,0.6,1,3
20,4,34,164721374,0.6,1,3
23,1,36,1041805944,0.6,1,3
19,4,36,1785225999,0.6,1,3
27,17,26,1550418518,0.6,1,3
24,15,25,1732020103,0.6,1,3
21,12,30,534777089,0.6,1,3
21,2,24,930808860,0.6,1,3
19,11,22,930808860,0.9,1,3
21,1,35,321926333,0.9,1,3
28,3,34,2061584816,0.9,1,3
21,2,24,1797662105,0.9,1,3
20,8,40,1681785509,0.9,1,3
22,5,24,1462948216,0.9,1,3
23,6,35,1885504302,0.9,1,3
20,5,15,136066642,0.9,1,3
22,7,28,1174908003,0.9,1,3
29,3,26,927424051,0.9,1,3
16,1,44,927424051,1,1,3
16,5,19,2016456370,1,1,3
13,2,22,297892606,1,1,3
16,2,29,1448238478,1,1,3
13,1,28,283416798,1,1,3
13,2,29,593395,1,1,3
17,5,19,167725482,1,1,3
13,11,25,781230963,1,1,3
17,3,18,1178140551,1,1,3
17,17,18,1689126885,1,1,3
16,7,23,1689126885,1.1,1,3
17,10,23,1222229799,1.1,1,3
13,4,28,64264139,1.1,1,3
14,18,21,2004570220,1.1,1,3
18,10,21,489328923,1.1,1,3
13,2,30,2002699204,1.1,1,3
12,2,32,1900652822,1.1,1,3
18,3,20,781597759,1.1,1,3
15,0,31,850883451,1.1,1,3
13,5,32,367394050,1.1,1,3
12,4,32,367394050,1.5,1,3
10,7,31,1224823102,1.5,1,3
14,1,25,141429546,1.5,1,3
12,2,29,1474328903,1.5,1,3
14,2,24,66974205,1.5,1,3
11,4,26,1252488619,1.5,1,3
10,3,31,1154020317,1.5,1,3
20,3,17,749151543,1.5,1,3
10,2,33,1275970923,1.5,1,3
11,1,29,1479314306,1.5,1,3
11,2,27,1479314306,1.9,1,3
16,3,22,2084656847,1.9,1,3
18,1,27,1020830043,1.9,1,3
13,3,26,929933556,1.9,1,3
14,4,24,1979490429,1.9,1,3
17,5,24,374561946,1.9,1,3
16,6,20,227704361,1.9,1,3
15,4,30,203306234,1.9,1,3
11,1,37,1037403468,1.9,1,3
13,9,30,1544630005,1.9,1,3
6,1,42,1544630005,2,1,3
4,4,26,825506714,2,1,3
5,6,30,1081512616,2,1,3
9,4,29,748275367,2,1,3
6,2,43,934063583,2,1,3
6,3,30,1208291896,2,1,3
6,6,29,41726169,2,1,3
4,4,25,692078900,2,1,3
7,3,30,907914683,2,1,3
2,5,34,1698846445,2,1,3
2,4,32,1698846445,3,1,3
2,5,25,348841346,3,1,3
2,3,42,787314908,3,1,3
4,2,34,404533129,3,1,3
2,6,29,529307175,3,1,3
4,12,26,1176902511,3,1,3
2,4,35,1162402811,3,1,3
2,5,27,2085662465,3,1,3
3,6,26,1994168915,3,1,3
4,5,26,257674974,3,1,3
0,7,40,257674974,50,1,3
0,9,35,360314510,50,1,3
0,8,35,1261953165,50,1,3
0,6,34,1468820527,50,1,3
0,7,33,758665392,50,1,3
0,12,27,1129904105,50,1,3
0,4,43,8137248,50,1,3
0,9,30,1792670427,50,1,3
0,10,28,1086306712,50,1,3
0,6,35,644477803,50,1,3
28,9,43,644477803,0.5,1,50
29,1,41,671273161,0.5,1,50
20,14,52,2046998522,0.5,1,50
25,1,60,1987936515,0.5,1,50
26,2,54,1122517491,0.5,1,50
27,0,44,1627884601,0.5,1,50
29,1,46,1281424454,0.5,1,50
22,4,50,2095599430,0.5,1,50
19,7,59,511688459,0.5,1,50
24,5,37,6060874,0.5,1,50
25,5,33,6060874,0.6,1,50
23,1,45,396513511,0.6,1,50
23,0,51,772121292,0.6,1,50
24,9,62,616460500,0.6,1,50
26,10,20,930284128,0.6,1,50
21,4,42,1628137638,0.6,1,50
21,1,57,337689055,0.6,1,50
28,8,51,1793483794,0.6,1,50
24,1,45,1379008295,0.6,1,50
30,10,51,1375496880,0.6,1,50
29,10,46,1375496880,0.9,1,50
24,1,71,430335647,0.9,1,50
25,2,44,1151600895,0.9,1,50
21,0,65,2042492049,0.9,1,50
21,1,57,148655015,0.9,1,50
23,8,34,1247703819,0.9,1,50
24,10,46,172468358,0.9,1,50
15,0,66,1737050534,0.9,1,50
29,3,56,1007133668,0.9,1,50
19,1,70,43060968,0.9,1,50
17,0,59,43060968,1,1,50
15,2,37,1667079283,1,1,50
17,2,40,269524064,1,1,50
13,0,40,1090688043,1,1,50
14,0,56,757969873,1,1,50
16,0,43,1225071278,1,1,50
9,1,46,1596466404,1,1,50
19,2,39,1490468471,1,1,50
11,24,48,1908020640,1,1,50
13,0,58,1416430374,1,1,50
13,0,61,1416430374,1.1,1,50
14,0,46,321985188,1.1,1,50
14,2,73,452213454,1.1,1,50
11,0,46,1453843973,1.1,1,50
11,2,49,18299331,1.1,1,50
16,4,51,256174731,1.1,1,50
10,0,63,840748812,1.1,1,50
16,0,73,1609502021,1.1,1,50
17,1,45,1253831565,1.1,1,50
17,1,31,1452956851,1.1,1,50
15,1,46,1452956851,1.5,1,50
13,2,49,682254743,1.5,1,50
15,1,33,934616494,1.5,1,50
14,0,41,1263474634,1.5,1,50
11,0,45,1271668340,1.5,1,50
17,0,60,1366826415,1.5,1,50
14,0,55,1558962476,1.5,1,50
8,0,51,1017897989,1.5,1,50
15,0,47,1249076825,1.5,1,50
11,0,63,1880464181,1.5,1,50
11,1,66,1880464181,1.9,1,50
15,1,59,1500570211,1.9,1,50
14,2,41,66282270,1.9,1,50
11,0,60,463488438,1.9,1,50
12,2,45,2064597416,1.9,1,50
14,2,46,1287617387,1.9,1,50
14,7,44,1647462358,1.9,1,50
9,0,41,238108183,1.9,1,50
13,0,57,1231694859,1.9,1,50
16,0,54,336147410,1.9,1,50
6,0,57,336147410,2,1,50
11,0,69,391355854,2,1,50
9,0,51,1873112771,2,1,50
9,7,40,2119509182,2,1,50
11,1,36,1887977487,2,1,50
9,0,46,1811432203,2,1,50
6,0,51,277718174,2,1,50
7,0,58,851298908,2,1,50
11,0,62,727506090,2,1,50
6,1,69,1986729119,2,1,50
8,9,36,1986729119,3,1,50
4,0,53,585712378,3,1,50
5,0,86,979369464,3,1,50
7,0,74,1943509709,3,1,50
7,0,58,274074971,3,1,50
6,0,60,239336746,3,1,50
7,7,36,665439762,3,1,50
7,0,46,16757101,3,1,50
10,0,73,1305232601,3,1,50
10,7,39,679120411,3,1,50
0,0,83,679120411,50,1,50
0,0,88,169475595,50,1,50
0,0,82,1522475669,50,1,50
0,0,81,1189087549,50,1,50
0,0,79,1659481205,50,1,50
0,0,81,34483396,50,1,50
0,0,79,959716060,50,1,50
0,0,100,215932502,50,1,50
0,0,81,1718838058,50,1,50
0,0,114,555529254,50,1,50
